0,0.77857,0.66308,0.38161,0,0,"Bildung ist der zentrale Hebel für eine nachhaltige Gesellschaftsentwicklung.
In deutschen Bildungsinstitutionen allerdings wurde diese Erkenntnis bisher nur unzureichend verankert.
Greenpeace hat deshalb in diesem Jahr das Bündnis ZukunftsBildung ins Leben gerufen.
Wenn wir wollen, dass die junge Generation eine zukunftsfähige Lebensweise einnimmt, müssen wir ihnen auch die Möglichkeit geben, diese zu verstehen, auszuprobieren und einzuüben.
Deswegen brauchen wir dringend mehr Bildung für nachhaltige Entwicklung in den Kitas, in den Klassenräumen, Universitäten und auch allen beruflichen Bildungseinrichtungen, sagt Kerstin Küster, Bildungsexpertin bei Greenpeace.
Bereits 2002 hatte die Generalversammlung der Vereinten Nationen entschieden, dass Bildung für eine nachhaltige Entwicklung die Leitperspektive jeglichen Unterrichts werden solle und beschloss eine gleichnamige Dekade (2005-2014) einzuberufen.
Einiges : Unter dem Stichwort Nachhaltigkeit lernen wurden in den letzten Jahren in Deutschland viele Projekte zu Themen wie Umwelt, Entwicklung oder Soziales auf den Weg gebracht; gleichzeitig wuchs das Bewusstsein, dass nur eine entsprechend gebildete Gesellschaft sich nachhaltig entwickeln kann.
Was fehlt, ist die wirkliche Einbettung in das deutsche Bildungssystem.
Klimaschutz und der bewusste Umgang mit Energie sind wichtige Themen in der Schule.
ist die Umweltinitiative unseres Verbraucherportals.
Neue Wege Langfristiger Umweltschutz ist in unseren Augen nur möglich, wenn bereits im Kindesalter ein Umweltbewusstsein entwickelt wird.
Daher möchten wir Grundschulen bei der Umweltbildung unterstützen.
Dann unterstützt uns weiterhin so tatkräftig wie bisher, denn die Nachfrage nach Umweltbildungsmaßnahmen an Deutschlands Schulen ist bei weitem noch nicht erschöpft.
Das Umweltbewusstsein unserer nachfolgenden Generationen bildet den Grundstein für eine nachhaltige und grüne Zukunft.",0.84507,0.76678,0.36453,0,0,"In deutschen Bildungsinstitutionen allerdings wurde diese Erkenntnis bisher nur unzureichend verankert.
Bereits 2002 hatte die Generalversammlung der Vereinten Nationen entschieden, dass Bildung für eine nachhaltige Entwicklung die Leitperspektive jeglichen Unterrichts werden solle und beschloss eine gleichnamige Dekade (2005-2014) einzuberufen.
Für das deutsche Bildungssystem drängt das Bündnis Zukunftsbildung auf eine schnelle und engagierte Umsetzung des Programms unter Einbeziehung der Zivilgesellschaft.
Die Energiewende ist eines der zentralen Reformprojekte Deutschlands.
Im Mittelpunkt stehen die Förderung von erneuerbaren Energien und die Steigerung der Energieeffizienz.
Der Klimawandel soll damit eingedämmt und die Green Economy vorangebracht werden.
Neue Wege Langfristiger Umweltschutz ist in unseren Augen nur möglich, wenn bereits im Kindesalter ein Umweltbewusstsein entwickelt wird.
Gemeinsam mit euch wollen wir Kindern ermöglichen, selbst einen Baum zu pflanzen – und dabei mit jeder Menge Spaß viel über Umwelt- und Klimaschutz zu lernen.
PRONAS vermittelt Ergebnisse der Biodiversitätsforschung an Schülerinnen und Schüler von 12 bis 19 Jahren.
Leitfaden Recyclingpapier-Marktchecks Der neue Leitfaden zeigt, wie Schulklassen und Umweltgruppen einfach und wirkungsvoll Recyclingpapier-Marktchecks in den Geschäften ihrer Stadt durchführen können.
Ziel der Aktion : Handel und Hersteller dazu motivieren, ein breiteres Angebot an Recyclingpapier-Produkten zu schaffen.
Wer auf Recyclingpapier umstellt, trägt zum Erhalt der Wälder bei.
Lehrkräfte können mit dem Material die globalen Zusammenhänge der ökologischen Krise verdeutlichen.
Sie können Werte der Nachhaltigkeit vermitteln, ihre Schüler zum Nachdenken anregen sowie Möglichkeiten für das eigene Handeln erarbeiten.
Denn Klimaschutz ist nicht nur Verhandlungssache- Klimaschutz ist auch Bildungssache!
Wir entwickeln Grundlagen für das umweltschonende und energieeffiziente Bauen und vermitteln sie in der Ausbildung von Architekten.",0.73,0.62814,0.40156,0,0,"Deswegen brauchen wir dringend mehr Bildung für nachhaltige Entwicklung in den Kitas, in den Klassenräumen, Universitäten und auch allen beruflichen Bildungseinrichtungen, sagt Kerstin Küster, Bildungsexpertin bei Greenpeace.
Klimaschutz und der bewusste Umgang mit Energie sind wichtige Themen in der Schule.
durchgeführt und gezeigt, wie mit einfachen Mitteln ein wichtiger Beitrag zum Umweltschutz geleistet werden kann.
Neue Wege Langfristiger Umweltschutz ist in unseren Augen nur möglich, wenn bereits im Kindesalter ein Umweltbewusstsein entwickelt wird.
Über uns Mit unserem Verbraucherportal verfolgen wir den Ansatz, die Umwelt durch Vermeidung von Papier als Werbeträger zu schonen.
Dann unterstützt uns weiterhin so tatkräftig wie bisher, denn die Nachfrage nach Umweltbildungsmaßnahmen an Deutschlands Schulen ist bei weitem noch nicht erschöpft.
Im Rahmen der Kampagne ``Schulstart mit dem Blauen Engel'' haben wir neue Materialien für all diejenigen entwickelt, die zum Thema Recyclingpapier mehr erfahren oder aktiv werden möchten.
Leitfaden Recyclingpapier-Marktchecks Der neue Leitfaden zeigt, wie Schulklassen und Umweltgruppen einfach und wirkungsvoll Recyclingpapier-Marktchecks in den Geschäften ihrer Stadt durchführen können.
Wer auf Recyclingpapier umstellt, trägt zum Erhalt der Wälder bei."
1,0.33214,0.12186,0.10682,0,0,"Mit Medienanalysen, Rollenspielen, Diskussionen, Straßeninterviews und Rechercheaufgaben bietet das Material vielfältige Unterrichtsideen, knüpft an die Lebenswelt der Jugendlichen an und berücksichtigt unterschiedliche Leistungsniveaus.
Dabei folgen die Inhalte den Prinzipien der Bildung für nachhaltige Entwicklung (BNE).
Mit dem KlimaNet möchten wir die Nutzer bei der aktiven Gestaltung von Klimaschutzinhalten in Unterricht und Projekten unterstützen.
Wissenschaftler, Lehrer, Umweltpädagogen und Hochschuldidaktiker haben gemeinsam Lernmaterialien entwickelt.
Was hat der Klimawandel mit Gerechtigkeit zu tun?
PRONAS vermittelt Ergebnisse der Biodiversitätsforschung an Schülerinnen und Schüler von 12 bis 19 Jahren.
Alle Materialien können kostenlos angefordert werden.
Einiges : Unter dem Stichwort Nachhaltigkeit lernen wurden in den letzten Jahren in Deutschland viele Projekte zu Themen wie Umwelt, Entwicklung oder Soziales auf den Weg gebracht; gleichzeitig wuchs das Bewusstsein, dass nur eine entsprechend gebildete Gesellschaft sich nachhaltig entwickeln kann.
Leitfaden Recyclingpapier-Marktchecks Der neue Leitfaden zeigt, wie Schulklassen und Umweltgruppen einfach und wirkungsvoll Recyclingpapier-Marktchecks in den Geschäften ihrer Stadt durchführen können.
Ziel der Aktion : Handel und Hersteller dazu motivieren, ein breiteres Angebot an Recyclingpapier-Produkten zu schaffen.
Wir verstehen unsere Arbeit als eine Querschnittsaufgabe der Architektur.
Der Blaue Engel sagt Danke!
Postkarten-Aktion Was haben Tiger, Orang-Utan, Elch, Fuchs und Hase gemeinsam?
Im Mittelpunkt stehen die Förderung von erneuerbaren Energien und die Steigerung der Energieeffizienz.
Die Zustimmung unterliegt den Richtlinien der Deutschen Umweltstiftung.
Wer auf Recyclingpapier umstellt, trägt zum Erhalt der Wälder bei.
Sie können Werte der Nachhaltigkeit vermitteln, ihre Schüler zum Nachdenken anregen sowie Möglichkeiten für das eigene Handeln erarbeiten.
Diesen Fragen geht der zehnte Clip in der WissensWerte Reihe nach.",0.54577,0.33569,0.22244,0,0,"Die ausgewählten Literatur-, Link- und Filmtipps runden das Material ab.
Dabei folgen die Inhalte den Prinzipien der Bildung für nachhaltige Entwicklung (BNE).
Mit dem KlimaNet möchten wir die Nutzer bei der aktiven Gestaltung von Klimaschutzinhalten in Unterricht und Projekten unterstützen.
Schüler leisten aktiv einen Beitrag zum Klimaschutz und gestalten ihre Umwelt.
Wissenschaftler, Lehrer, Umweltpädagogen und Hochschuldidaktiker haben gemeinsam Lernmaterialien entwickelt.
Was hat der Klimawandel mit Gerechtigkeit zu tun?
PRONAS vermittelt Ergebnisse der Biodiversitätsforschung an Schülerinnen und Schüler von 12 bis 19 Jahren.
Wofür wird das eingesammelte Geld eingesetzt?
Alle Materialien können kostenlos angefordert werden.
Einiges : Unter dem Stichwort Nachhaltigkeit lernen wurden in den letzten Jahren in Deutschland viele Projekte zu Themen wie Umwelt, Entwicklung oder Soziales auf den Weg gebracht; gleichzeitig wuchs das Bewusstsein, dass nur eine entsprechend gebildete Gesellschaft sich nachhaltig entwickeln kann.
Leitfaden Recyclingpapier-Marktchecks Der neue Leitfaden zeigt, wie Schulklassen und Umweltgruppen einfach und wirkungsvoll Recyclingpapier-Marktchecks in den Geschäften ihrer Stadt durchführen können.
Ziel der Aktion : Handel und Hersteller dazu motivieren, ein breiteres Angebot an Recyclingpapier-Produkten zu schaffen.
Wir verstehen unsere Arbeit als eine Querschnittsaufgabe der Architektur.
Der Blaue Engel sagt Danke!
Postkarten-Aktion Was haben Tiger, Orang-Utan, Elch, Fuchs und Hase gemeinsam?
Im Mittelpunkt stehen die Förderung von erneuerbaren Energien und die Steigerung der Energieeffizienz.
Es gibt aber auch einige Reibungspunkte.
Wer auf Recyclingpapier umstellt, trägt zum Erhalt der Wälder bei.
Sie können Werte der Nachhaltigkeit vermitteln, ihre Schüler zum Nachdenken anregen sowie Möglichkeiten für das eigene Handeln erarbeiten.
Diesen Fragen geht der zehnte Clip in der WissensWerte Reihe nach.",0.35,0.13065,0.11294,0,0,"In deutschen Bildungsinstitutionen allerdings wurde diese Erkenntnis bisher nur unzureichend verankert.
Dabei folgen die Inhalte den Prinzipien der Bildung für nachhaltige Entwicklung (BNE).
Mit dem KlimaNet möchten wir die Nutzer bei der aktiven Gestaltung von Klimaschutzinhalten in Unterricht und Projekten unterstützen.
Schüler leisten aktiv einen Beitrag zum Klimaschutz und gestalten ihre Umwelt.
Wissenschaftler, Lehrer, Umweltpädagogen und Hochschuldidaktiker haben gemeinsam Lernmaterialien entwickelt.
Was hat der Klimawandel mit Gerechtigkeit zu tun?
PRONAS vermittelt Ergebnisse der Biodiversitätsforschung an Schülerinnen und Schüler von 12 bis 19 Jahren.
Wir verstehen unsere Arbeit als eine Querschnittsaufgabe der Architektur.
Ziel der Aktion : Handel und Hersteller dazu motivieren, ein breiteres Angebot an Recyclingpapier-Produkten zu schaffen.
Postkarten-Aktion Was haben Tiger, Orang-Utan, Elch, Fuchs und Hase gemeinsam?
Der Blaue Engel sagt Danke!
Die Lernsoftware PRONAS zeigt, wie Umweltforscher an solche Fragen herangehen.
Im Mittelpunkt stehen die Förderung von erneuerbaren Energien und die Steigerung der Energieeffizienz.
Wer auf Recyclingpapier umstellt, trägt zum Erhalt der Wälder bei.
Sie können Werte der Nachhaltigkeit vermitteln, ihre Schüler zum Nachdenken anregen sowie Möglichkeiten für das eigene Handeln erarbeiten."
2,0.46429,0.22939,0.19848,20,95,"Klimaschutz und der bewusste Umgang mit Energie sind wichtige Themen in der Schule.
Mit der vorliegenden Materialsammlung für den Unterricht in weiterführenden Schulen möchten das Deutsch-französische Institut (dfi) in Ludwigsburg und die Arbeitsgemeinschaft der Gymnasien mit zweisprachig deutsch-französischem Zug in Deutschland (Libingua) den bilingualen Sachfachunterricht in Deutschland und Frankreich unterstützen.
Greenpeace hat deshalb in diesem Jahr das Bündnis ZukunftsBildung ins Leben gerufen.
Neue Wege Langfristiger Umweltschutz ist in unseren Augen nur möglich, wenn bereits im Kindesalter ein Umweltbewusstsein entwickelt wird.
Diese Szenarien beschreiben mögliche künftige Welten in ihren politischen, ökonomischen, sozialen und ökologischen Dimensionen.
Deutsche und französische Lehrkräfte, die selbst bilingual unterrichten, haben die auf dieser Website verfügbaren Materialien zur Behandlung des Themas Nachhaltige Entwicklung'' ausgewählt und didaktisiert.
Bildung ist der Schlüssel für eine nachhaltige Entwicklung.
Einiges : Unter dem Stichwort Nachhaltigkeit lernen wurden in den letzten Jahren in Deutschland viele Projekte zu Themen wie Umwelt, Entwicklung oder Soziales auf den Weg gebracht; gleichzeitig wuchs das Bewusstsein, dass nur eine entsprechend gebildete Gesellschaft sich nachhaltig entwickeln kann.
Wir verstehen unsere Arbeit als eine Querschnittsaufgabe der Architektur.
Denn nur wer sich heute stark macht für die nachhaltige Bildung kann der Zukunft mit Vertrauen entgegensehen, so Küster.
Die Energiewende ist eines der zentralen Reformprojekte Deutschlands.
Zusätzlich erhalten die Schulklassen umfangreiches Unterrichts- und Informationsmaterial zum Thema Umwelt und Natur.
Sie können Werte der Nachhaltigkeit vermitteln, ihre Schüler zum Nachdenken anregen sowie Möglichkeiten für das eigene Handeln erarbeiten.
gefördert durch die Deutsche Bundesstiftung Umwelt PRONAS ist das Akronym für PROjektionen der NAtur für Schulen.",0.60211,0.42049,0.24799,48,65,"Bildung ist der zentrale Hebel für eine nachhaltige Gesellschaftsentwicklung.
Klimaschutz und der bewusste Umgang mit Energie sind wichtige Themen in der Schule.
Die Lernsoftware PRONAS zeigt, wie Umweltforscher an solche Fragen herangehen.
Deutsche und französische Lehrkräfte, die selbst bilingual unterrichten, haben die auf dieser Website verfügbaren Materialien zur Behandlung des Themas Nachhaltige Entwicklung'' ausgewählt und didaktisiert.
Wissenschaftler, Lehrer, Umweltpädagogen und Hochschuldidaktiker haben gemeinsam Lernmaterialien entwickelt.
Bildung ist der Schlüssel für eine nachhaltige Entwicklung.
Einiges : Unter dem Stichwort Nachhaltigkeit lernen wurden in den letzten Jahren in Deutschland viele Projekte zu Themen wie Umwelt, Entwicklung oder Soziales auf den Weg gebracht; gleichzeitig wuchs das Bewusstsein, dass nur eine entsprechend gebildete Gesellschaft sich nachhaltig entwickeln kann.
Leitfaden Recyclingpapier-Marktchecks Der neue Leitfaden zeigt, wie Schulklassen und Umweltgruppen einfach und wirkungsvoll Recyclingpapier-Marktchecks in den Geschäften ihrer Stadt durchführen können.
Ziel der Aktion : Handel und Hersteller dazu motivieren, ein breiteres Angebot an Recyclingpapier-Produkten zu schaffen.
Lehrkräfte können mit dem Material die globalen Zusammenhänge der ökologischen Krise verdeutlichen.
Im Mittelpunkt stehen die Förderung von erneuerbaren Energien und die Steigerung der Energieeffizienz.
Der Klimawandel soll damit eingedämmt und die Green Economy vorangebracht werden.
Wer auf Recyclingpapier umstellt, trägt zum Erhalt der Wälder bei.
Zusätzlich erhalten die Schulklassen umfangreiches Unterrichts- und Informationsmaterial zum Thema Umwelt und Natur.
PRONAS vermittelt Ergebnisse der Biodiversitätsforschung an Schülerinnen und Schüler von 12 bis 19 Jahren.
Sie können Werte der Nachhaltigkeit vermitteln, ihre Schüler zum Nachdenken anregen sowie Möglichkeiten für das eigene Handeln erarbeiten.
Das zehnseitige Material besteht aus Unterrichtsimpulsen und drei Arbeitsblättern mit dazugehörigen Lehrerhinweisen.",0.495,0.27136,0.2027,10,74,"Schüler leisten aktiv einen Beitrag zum Klimaschutz und gestalten ihre Umwelt.
Deutsche und französische Lehrkräfte, die selbst bilingual unterrichten, haben die auf dieser Website verfügbaren Materialien zur Behandlung des Themas Nachhaltige Entwicklung'' ausgewählt und didaktisiert.
Wissenschaftler, Lehrer, Umweltpädagogen und Hochschuldidaktiker haben gemeinsam Lernmaterialien entwickelt.
Bildung ist der Schlüssel für eine nachhaltige Entwicklung.
durchgeführt und gezeigt, wie mit einfachen Mitteln ein wichtiger Beitrag zum Umweltschutz geleistet werden kann.
Einiges : Unter dem Stichwort Nachhaltigkeit lernen wurden in den letzten Jahren in Deutschland viele Projekte zu Themen wie Umwelt, Entwicklung oder Soziales auf den Weg gebracht; gleichzeitig wuchs das Bewusstsein, dass nur eine entsprechend gebildete Gesellschaft sich nachhaltig entwickeln kann.
Leitfaden Recyclingpapier-Marktchecks Der neue Leitfaden zeigt, wie Schulklassen und Umweltgruppen einfach und wirkungsvoll Recyclingpapier-Marktchecks in den Geschäften ihrer Stadt durchführen können.
Nachhaltigkeit im Bauen ist mehr als ein ethisches Label, sie steht auch für Wirtschaftlichkeit und eine neue Baukultur; verlangt im Neubau wie im Bestand veränderte bauliche Konzepte.
Wer auf Recyclingpapier umstellt, trägt zum Erhalt der Wälder bei.
Alle Materialien können kostenlos angefordert werden."
3,0.5,0.31183,0.21765,9,67,"Klimaschutz und der bewusste Umgang mit Energie sind wichtige Themen in der Schule.
Greenpeace hat deshalb in diesem Jahr das Bündnis ZukunftsBildung ins Leben gerufen.
Schicken Sie dazu einfach eine Mail mit dem Betreff Schulmaterial internationaler Klimaschutz und mit Ihrer vollständigen Postanschrift an mail @ greenpeace.de.
Mit der vorliegenden Materialsammlung für den Unterricht in weiterführenden Schulen möchten das Deutsch-französische Institut (dfi) in Ludwigsburg und die Arbeitsgemeinschaft der Gymnasien mit zweisprachig deutsch-französischem Zug in Deutschland (Libingua) den bilingualen Sachfachunterricht in Deutschland und Frankreich unterstützen.
Deutsche und französische Lehrkräfte, die selbst bilingual unterrichten, haben die auf dieser Website verfügbaren Materialien zur Behandlung des Themas Nachhaltige Entwicklung'' ausgewählt und didaktisiert.
Bildung ist der Schlüssel für eine nachhaltige Entwicklung.
Wenn wir wollen, dass die junge Generation eine zukunftsfähige Lebensweise einnimmt, müssen wir ihnen auch die Möglichkeit geben, diese zu verstehen, auszuprobieren und einzuüben.
Einiges : Unter dem Stichwort Nachhaltigkeit lernen wurden in den letzten Jahren in Deutschland viele Projekte zu Themen wie Umwelt, Entwicklung oder Soziales auf den Weg gebracht; gleichzeitig wuchs das Bewusstsein, dass nur eine entsprechend gebildete Gesellschaft sich nachhaltig entwickeln kann.
Dann unterstützt uns weiterhin so tatkräftig wie bisher, denn die Nachfrage nach Umweltbildungsmaßnahmen an Deutschlands Schulen ist bei weitem noch nicht erschöpft.
Es gibt aber auch einige Reibungspunkte.
Unsere Betrachtungsweise verändert das Bild der Architektur.
Was sind Erneuerbare Energien und Energieeffizienz?
Das zehnseitige Material besteht aus Unterrichtsimpulsen und drei Arbeitsblättern mit dazugehörigen Lehrerhinweisen.
Es ist für Schülerinnen und Schüler aller Schularten ab Klasse 9 entwickelt und schließt an die Bildungspläne an.",0.61972,0.4417,0.27174,2,75,"Bildung ist der zentrale Hebel für eine nachhaltige Gesellschaftsentwicklung.
Klimaschutz und der bewusste Umgang mit Energie sind wichtige Themen in der Schule.
Wissenschaftler, Lehrer, Umweltpädagogen und Hochschuldidaktiker haben gemeinsam Lernmaterialien entwickelt.
Bildung ist der Schlüssel für eine nachhaltige Entwicklung.
Einiges : Unter dem Stichwort Nachhaltigkeit lernen wurden in den letzten Jahren in Deutschland viele Projekte zu Themen wie Umwelt, Entwicklung oder Soziales auf den Weg gebracht; gleichzeitig wuchs das Bewusstsein, dass nur eine entsprechend gebildete Gesellschaft sich nachhaltig entwickeln kann.
Leitfaden Recyclingpapier-Marktchecks Der neue Leitfaden zeigt, wie Schulklassen und Umweltgruppen einfach und wirkungsvoll Recyclingpapier-Marktchecks in den Geschäften ihrer Stadt durchführen können.
Ziel der Aktion : Handel und Hersteller dazu motivieren, ein breiteres Angebot an Recyclingpapier-Produkten zu schaffen.
Zusammen mit den Bündnispartnern BUND, BUNDJugend, Germanwatch, GEW, Globale Bildungskampagne, InnoWego, NAJU, Oxfam und der Welthungerhilfe fordert Greenpeace in dem offenen Brief, dass das Weltaktionsprogramm für nachhaltige Bildung auf der nächsten BNE-Weltkonferenz im November in Japan in vollem Umfang beschlossen wird.
Im Mittelpunkt stehen die Förderung von erneuerbaren Energien und die Steigerung der Energieeffizienz.
Der Klimawandel soll damit eingedämmt und die Green Economy vorangebracht werden.
Sei Teil unserer Vision und unterstütze das Projekt Ein Baum für jedes Kind!
Wer auf Recyclingpapier umstellt, trägt zum Erhalt der Wälder bei.
PRONAS vermittelt Ergebnisse der Biodiversitätsforschung an Schülerinnen und Schüler von 12 bis 19 Jahren.
Sie können Werte der Nachhaltigkeit vermitteln, ihre Schüler zum Nachdenken anregen sowie Möglichkeiten für das eigene Handeln erarbeiten.
gefördert durch die Deutsche Bundesstiftung Umwelt PRONAS ist das Akronym für PROjektionen der NAtur für Schulen.",0.525,0.32663,0.19623,5,60,"Das Projekt wurde von Dr. Karin Ulbrich und PD Dr. Josef Settele geleitet.
Schüler leisten aktiv einen Beitrag zum Klimaschutz und gestalten ihre Umwelt.
Es gibt aber auch einige Reibungspunkte.
durchgeführt und gezeigt, wie mit einfachen Mitteln ein wichtiger Beitrag zum Umweltschutz geleistet werden kann.
Neue Wege Langfristiger Umweltschutz ist in unseren Augen nur möglich, wenn bereits im Kindesalter ein Umweltbewusstsein entwickelt wird.
Leitfaden Recyclingpapier-Marktchecks Der neue Leitfaden zeigt, wie Schulklassen und Umweltgruppen einfach und wirkungsvoll Recyclingpapier-Marktchecks in den Geschäften ihrer Stadt durchführen können.
Zusammen mit den Bündnispartnern BUND, BUNDJugend, Germanwatch, GEW, Globale Bildungskampagne, InnoWego, NAJU, Oxfam und der Welthungerhilfe fordert Greenpeace in dem offenen Brief, dass das Weltaktionsprogramm für nachhaltige Bildung auf der nächsten BNE-Weltkonferenz im November in Japan in vollem Umfang beschlossen wird.
Wer auf Recyclingpapier umstellt, trägt zum Erhalt der Wälder bei.
Die Zustimmung unterliegt den Richtlinien der Deutschen Umweltstiftung.
Hoffnung durch Handeln – dies ist das Motto der am 31. März 1982 in Mainz gegründeten Deutschen Umweltstiftung.
Seit über 30 Jahren führt die Deutsche Umweltstiftung Nachhaltigkeitsprojekte mit Schulen durch."
4,0.56071,0.37634,0.2664,8,72,"Klimaschutz und der bewusste Umgang mit Energie sind wichtige Themen in der Schule.
Wir freuen uns auf eure Unterstützung!
Greenpeace hat deshalb in diesem Jahr das Bündnis ZukunftsBildung ins Leben gerufen.
Das Umweltbewusstsein unserer nachfolgenden Generationen bildet den Grundstein für eine nachhaltige und grüne Zukunft.
Mit der vorliegenden Materialsammlung für den Unterricht in weiterführenden Schulen möchten das Deutsch-französische Institut (dfi) in Ludwigsburg und die Arbeitsgemeinschaft der Gymnasien mit zweisprachig deutsch-französischem Zug in Deutschland (Libingua) den bilingualen Sachfachunterricht in Deutschland und Frankreich unterstützen.
Wenn wir wollen, dass die junge Generation eine zukunftsfähige Lebensweise einnimmt, müssen wir ihnen auch die Möglichkeit geben, diese zu verstehen, auszuprobieren und einzuüben.
Einiges : Unter dem Stichwort Nachhaltigkeit lernen wurden in den letzten Jahren in Deutschland viele Projekte zu Themen wie Umwelt, Entwicklung oder Soziales auf den Weg gebracht; gleichzeitig wuchs das Bewusstsein, dass nur eine entsprechend gebildete Gesellschaft sich nachhaltig entwickeln kann.
Was fehlt, ist die wirkliche Einbettung in das deutsche Bildungssystem.
Denn nur wer sich heute stark macht für die nachhaltige Bildung kann der Zukunft mit Vertrauen entgegensehen, so Küster.
Dann unterstützt uns weiterhin so tatkräftig wie bisher, denn die Nachfrage nach Umweltbildungsmaßnahmen an Deutschlands Schulen ist bei weitem noch nicht erschöpft.
Denn die verfügbaren Mittel für Umweltschonung und Energieeffizienz sind zugleich die wesentlichen Ausdruckselemente der Architektur : Formgebung, Masse und Transparenz, Materialien, Texturen und Farben.
Was sind Erneuerbare Energien und Energieeffizienz?
Und wo liegen Vorteile und Reibungspunkte?
Es ist für Schülerinnen und Schüler aller Schularten ab Klasse 9 entwickelt und schließt an die Bildungspläne an.",0.64085,0.47703,0.32608,1,64,"Bildung ist der zentrale Hebel für eine nachhaltige Gesellschaftsentwicklung.
Einiges : Unter dem Stichwort Nachhaltigkeit lernen wurden in den letzten Jahren in Deutschland viele Projekte zu Themen wie Umwelt, Entwicklung oder Soziales auf den Weg gebracht; gleichzeitig wuchs das Bewusstsein, dass nur eine entsprechend gebildete Gesellschaft sich nachhaltig entwickeln kann.
PRONAS vermittelt Ergebnisse der Biodiversitätsforschung an Schülerinnen und Schüler von 12 bis 19 Jahren.
Neue Wege Langfristiger Umweltschutz ist in unseren Augen nur möglich, wenn bereits im Kindesalter ein Umweltbewusstsein entwickelt wird.
Leitfaden Recyclingpapier-Marktchecks Der neue Leitfaden zeigt, wie Schulklassen und Umweltgruppen einfach und wirkungsvoll Recyclingpapier-Marktchecks in den Geschäften ihrer Stadt durchführen können.
Altpapier RecyclingWir bieten Ihnen lehrreiches Material für den Unterricht, einen Rätselbereich und unseren kostenlosen Bitte keine Werbung-Aufkleber zum Ausdrucken für alle Schülerinnen und Schüler sowie der gesamten Lehrerschaft an.
Zusammen mit den Bündnispartnern BUND, BUNDJugend, Germanwatch, GEW, Globale Bildungskampagne, InnoWego, NAJU, Oxfam und der Welthungerhilfe fordert Greenpeace in dem offenen Brief, dass das Weltaktionsprogramm für nachhaltige Bildung auf der nächsten BNE-Weltkonferenz im November in Japan in vollem Umfang beschlossen wird.
Ziel der Aktion : Handel und Hersteller dazu motivieren, ein breiteres Angebot an Recyclingpapier-Produkten zu schaffen.
Im Mittelpunkt stehen die Förderung von erneuerbaren Energien und die Steigerung der Energieeffizienz.
Der Klimawandel soll damit eingedämmt und die Green Economy vorangebracht werden.
Sei Teil unserer Vision und unterstütze das Projekt Ein Baum für jedes Kind!
Wer auf Recyclingpapier umstellt, trägt zum Erhalt der Wälder bei.
Sie können Werte der Nachhaltigkeit vermitteln, ihre Schüler zum Nachdenken anregen sowie Möglichkeiten für das eigene Handeln erarbeiten.",0.475,0.31156,0.17991,6,57,"Das Projekt wurde von Dr. Karin Ulbrich und PD Dr. Josef Settele geleitet.
Schüler leisten aktiv einen Beitrag zum Klimaschutz und gestalten ihre Umwelt.
Beschreibung Die 100 Prozent sind erreicht – aber wir machen weiter!
durchgeführt und gezeigt, wie mit einfachen Mitteln ein wichtiger Beitrag zum Umweltschutz geleistet werden kann.
Neue Wege Langfristiger Umweltschutz ist in unseren Augen nur möglich, wenn bereits im Kindesalter ein Umweltbewusstsein entwickelt wird.
Leitfaden Recyclingpapier-Marktchecks Der neue Leitfaden zeigt, wie Schulklassen und Umweltgruppen einfach und wirkungsvoll Recyclingpapier-Marktchecks in den Geschäften ihrer Stadt durchführen können.
Greenpeace wird diesen Prozess konsequent fordern und dann die Umsetzung begleiten.
Gemeinsam erarbeiten sich die Schüler Wissen zum Thema Umwelt und Natur und entwickeln so ganz praktisch Umweltbewusstsein – die eigentliche Pflanzaktion ist dann der Höhepunkt des Projektes, zugleich aber auch Anlass zur weiteren Beschäftigung.
Wer auf Recyclingpapier umstellt, trägt zum Erhalt der Wälder bei.
Zusätzlich erhalten die Schulklassen umfangreiches Unterrichts- und Informationsmaterial zum Thema Umwelt und Natur.
Mit eurer Hilfe wollen wir diesen Kindern die Chance geben, einen Baum an ihrer Schule zu pflanzen."
5,0.56071,0.37276,0.26353,1,73,"Klimaschutz und der bewusste Umgang mit Energie sind wichtige Themen in der Schule.
Greenpeace hat deshalb in diesem Jahr das Bündnis ZukunftsBildung ins Leben gerufen.
Das Umweltbewusstsein unserer nachfolgenden Generationen bildet den Grundstein für eine nachhaltige und grüne Zukunft.
Mit der vorliegenden Materialsammlung für den Unterricht in weiterführenden Schulen möchten das Deutsch-französische Institut (dfi) in Ludwigsburg und die Arbeitsgemeinschaft der Gymnasien mit zweisprachig deutsch-französischem Zug in Deutschland (Libingua) den bilingualen Sachfachunterricht in Deutschland und Frankreich unterstützen.
Wenn wir wollen, dass die junge Generation eine zukunftsfähige Lebensweise einnimmt, müssen wir ihnen auch die Möglichkeit geben, diese zu verstehen, auszuprobieren und einzuüben.
Einiges : Unter dem Stichwort Nachhaltigkeit lernen wurden in den letzten Jahren in Deutschland viele Projekte zu Themen wie Umwelt, Entwicklung oder Soziales auf den Weg gebracht; gleichzeitig wuchs das Bewusstsein, dass nur eine entsprechend gebildete Gesellschaft sich nachhaltig entwickeln kann.
Was fehlt, ist die wirkliche Einbettung in das deutsche Bildungssystem.
Denn nur wer sich heute stark macht für die nachhaltige Bildung kann der Zukunft mit Vertrauen entgegensehen, so Küster.
Gemeinsam erarbeiten sich die Schüler Wissen zum Thema Umwelt und Natur und entwickeln so ganz praktisch Umweltbewusstsein – die eigentliche Pflanzaktion ist dann der Höhepunkt des Projektes, zugleich aber auch Anlass zur weiteren Beschäftigung.
Dann unterstützt uns weiterhin so tatkräftig wie bisher, denn die Nachfrage nach Umweltbildungsmaßnahmen an Deutschlands Schulen ist bei weitem noch nicht erschöpft.
Was sind Erneuerbare Energien und Energieeffizienz?
Es ist für Schülerinnen und Schüler aller Schularten ab Klasse 9 entwickelt und schließt an die Bildungspläne an.",0.65493,0.47703,0.32388,6,76,"Bildung ist der zentrale Hebel für eine nachhaltige Gesellschaftsentwicklung.
In deutschen Bildungsinstitutionen allerdings wurde diese Erkenntnis bisher nur unzureichend verankert.
Greenpeace hat deshalb in diesem Jahr das Bündnis ZukunftsBildung ins Leben gerufen.
In einem offenen Brief fordert das Bündnis jetzt die Bundesregierung auf, tätig zu werden und einen neuen starken nationalen Aktionsplan zum Thema Nachhaltigkeit lernen zu entwickeln und umzusetzen.
Wer auf Recyclingpapier umstellt, trägt zum Erhalt der Wälder bei.
PRONAS vermittelt Ergebnisse der Biodiversitätsforschung an Schülerinnen und Schüler von 12 bis 19 Jahren.
Sie können Werte der Nachhaltigkeit vermitteln, ihre Schüler zum Nachdenken anregen sowie Möglichkeiten für das eigene Handeln erarbeiten.
Neue Wege Langfristiger Umweltschutz ist in unseren Augen nur möglich, wenn bereits im Kindesalter ein Umweltbewusstsein entwickelt wird.
Leitfaden Recyclingpapier-Marktchecks Der neue Leitfaden zeigt, wie Schulklassen und Umweltgruppen einfach und wirkungsvoll Recyclingpapier-Marktchecks in den Geschäften ihrer Stadt durchführen können.
Ziel der Aktion : Handel und Hersteller dazu motivieren, ein breiteres Angebot an Recyclingpapier-Produkten zu schaffen.
Gemeinsam erarbeiten sich die Schüler Wissen zum Thema Umwelt und Natur und entwickeln so ganz praktisch Umweltbewusstsein – die eigentliche Pflanzaktion ist dann der Höhepunkt des Projektes, zugleich aber auch Anlass zur weiteren Beschäftigung.
Im Mittelpunkt stehen die Förderung von erneuerbaren Energien und die Steigerung der Energieeffizienz.
Der Klimawandel soll damit eingedämmt und die Green Economy vorangebracht werden.
Von Jan Künzl und Jörn Barkemeyer Die Energiewende ist eine Jahrhundertaufgabe.
Sei Teil unserer Vision und unterstütze das Projekt Ein Baum für jedes Kind!
Es fehlt jedoch an finanziellen Mitteln, um allen Schülern die Teilnahme zu ermöglichen.",0.505,0.32161,0.20907,0,55,"Das Projekt wurde von Dr. Karin Ulbrich und PD Dr. Josef Settele geleitet.
Schüler leisten aktiv einen Beitrag zum Klimaschutz und gestalten ihre Umwelt.
Wir freuen uns, wenn Sie sich mit uns in Verbindung setzen unter klimanet @ ifeu.de.
durchgeführt und gezeigt, wie mit einfachen Mitteln ein wichtiger Beitrag zum Umweltschutz geleistet werden kann.
Neue Wege Langfristiger Umweltschutz ist in unseren Augen nur möglich, wenn bereits im Kindesalter ein Umweltbewusstsein entwickelt wird.
Leitfaden Recyclingpapier-Marktchecks Der neue Leitfaden zeigt, wie Schulklassen und Umweltgruppen einfach und wirkungsvoll Recyclingpapier-Marktchecks in den Geschäften ihrer Stadt durchführen können.
Greenpeace wird diesen Prozess konsequent fordern und dann die Umsetzung begleiten.
Wer auf Recyclingpapier umstellt, trägt zum Erhalt der Wälder bei.
Hinweis für Klassen-Sponsoren : Ob eine Schulklasse eine Pflanzaktion durchführen kann, hängt von verschiedenen Faktoren ab, z.B. Verfügbarkeit von Fläche und Lehrern, Rücksprache mit dem Grünflächenamt, etc.
Zusätzlich erhalten die Schulklassen umfangreiches Unterrichts- und Informationsmaterial zum Thema Umwelt und Natur.
Mit eurer Hilfe wollen wir diesen Kindern die Chance geben, einen Baum an ihrer Schule zu pflanzen."
6,0.56071,0.37276,0.26353,0,68,"Klimaschutz und der bewusste Umgang mit Energie sind wichtige Themen in der Schule.
Greenpeace hat deshalb in diesem Jahr das Bündnis ZukunftsBildung ins Leben gerufen.
Das Umweltbewusstsein unserer nachfolgenden Generationen bildet den Grundstein für eine nachhaltige und grüne Zukunft.
Mit der vorliegenden Materialsammlung für den Unterricht in weiterführenden Schulen möchten das Deutsch-französische Institut (dfi) in Ludwigsburg und die Arbeitsgemeinschaft der Gymnasien mit zweisprachig deutsch-französischem Zug in Deutschland (Libingua) den bilingualen Sachfachunterricht in Deutschland und Frankreich unterstützen.
Wenn wir wollen, dass die junge Generation eine zukunftsfähige Lebensweise einnimmt, müssen wir ihnen auch die Möglichkeit geben, diese zu verstehen, auszuprobieren und einzuüben.
Einiges : Unter dem Stichwort Nachhaltigkeit lernen wurden in den letzten Jahren in Deutschland viele Projekte zu Themen wie Umwelt, Entwicklung oder Soziales auf den Weg gebracht; gleichzeitig wuchs das Bewusstsein, dass nur eine entsprechend gebildete Gesellschaft sich nachhaltig entwickeln kann.
Was fehlt, ist die wirkliche Einbettung in das deutsche Bildungssystem.
Denn nur wer sich heute stark macht für die nachhaltige Bildung kann der Zukunft mit Vertrauen entgegensehen, so Küster.
Gemeinsam erarbeiten sich die Schüler Wissen zum Thema Umwelt und Natur und entwickeln so ganz praktisch Umweltbewusstsein – die eigentliche Pflanzaktion ist dann der Höhepunkt des Projektes, zugleich aber auch Anlass zur weiteren Beschäftigung.
Dann unterstützt uns weiterhin so tatkräftig wie bisher, denn die Nachfrage nach Umweltbildungsmaßnahmen an Deutschlands Schulen ist bei weitem noch nicht erschöpft.
Was sind Erneuerbare Energien und Energieeffizienz?
Es ist für Schülerinnen und Schüler aller Schularten ab Klasse 9 entwickelt und schließt an die Bildungspläne an.",0.66901,0.47703,0.35242,4,62,"Bildung ist der zentrale Hebel für eine nachhaltige Gesellschaftsentwicklung.
Wer auf Recyclingpapier umstellt, trägt zum Erhalt der Wälder bei.
Neue Wege Langfristiger Umweltschutz ist in unseren Augen nur möglich, wenn bereits im Kindesalter ein Umweltbewusstsein entwickelt wird.
PRONAS vermittelt Ergebnisse der Biodiversitätsforschung an Schülerinnen und Schüler von 12 bis 19 Jahren.
Sie können Werte der Nachhaltigkeit vermitteln, ihre Schüler zum Nachdenken anregen sowie Möglichkeiten für das eigene Handeln erarbeiten.
durchgeführt und gezeigt, wie mit einfachen Mitteln ein wichtiger Beitrag zum Umweltschutz geleistet werden kann.
Einiges : Unter dem Stichwort Nachhaltigkeit lernen wurden in den letzten Jahren in Deutschland viele Projekte zu Themen wie Umwelt, Entwicklung oder Soziales auf den Weg gebracht; gleichzeitig wuchs das Bewusstsein, dass nur eine entsprechend gebildete Gesellschaft sich nachhaltig entwickeln kann.
Leitfaden Recyclingpapier-Marktchecks Der neue Leitfaden zeigt, wie Schulklassen und Umweltgruppen einfach und wirkungsvoll Recyclingpapier-Marktchecks in den Geschäften ihrer Stadt durchführen können.
Ziel der Aktion : Handel und Hersteller dazu motivieren, ein breiteres Angebot an Recyclingpapier-Produkten zu schaffen.
Denn nur wer sich heute stark macht für die nachhaltige Bildung kann der Zukunft mit Vertrauen entgegensehen, so Küster.
Im Mittelpunkt stehen die Förderung von erneuerbaren Energien und die Steigerung der Energieeffizienz.
Der Klimawandel soll damit eingedämmt und die Green Economy vorangebracht werden.
Von Jan Künzl und Jörn Barkemeyer Die Energiewende ist eine Jahrhundertaufgabe.
Sei Teil unserer Vision und unterstütze das Projekt Ein Baum für jedes Kind!
Lehrkräfte können mit dem Material die globalen Zusammenhänge der ökologischen Krise verdeutlichen.
Es fehlt jedoch an finanziellen Mitteln, um allen Schülern die Teilnahme zu ermöglichen.",0.545,0.32663,0.22882,7,16,"Greenpeace hat deshalb in diesem Jahr das Bündnis ZukunftsBildung ins Leben gerufen.
Einiges : Unter dem Stichwort Nachhaltigkeit lernen wurden in den letzten Jahren in Deutschland viele Projekte zu Themen wie Umwelt, Entwicklung oder Soziales auf den Weg gebracht; gleichzeitig wuchs das Bewusstsein, dass nur eine entsprechend gebildete Gesellschaft sich nachhaltig entwickeln kann.
Schüler leisten aktiv einen Beitrag zum Klimaschutz und gestalten ihre Umwelt.
Pro Schüler betragen die Kosten etwa 10 €.
durchgeführt und gezeigt, wie mit einfachen Mitteln ein wichtiger Beitrag zum Umweltschutz geleistet werden kann.
Neue Wege Langfristiger Umweltschutz ist in unseren Augen nur möglich, wenn bereits im Kindesalter ein Umweltbewusstsein entwickelt wird.
Leitfaden Recyclingpapier-Marktchecks Der neue Leitfaden zeigt, wie Schulklassen und Umweltgruppen einfach und wirkungsvoll Recyclingpapier-Marktchecks in den Geschäften ihrer Stadt durchführen können.
Neben Praxistipps gibt es im Leitfaden auch Text-Vorlagen für die begleitende Pressearbeit und alle wichtigen Fakten rund um das Thema Recyclingpapier.
Wer auf Recyclingpapier umstellt, trägt zum Erhalt der Wälder bei.
Mit eurer Hilfe wollen wir diesen Kindern die Chance geben, einen Baum an ihrer Schule zu pflanzen."
7,0.63214,0.48029,0.27911,7,18,"Klimaschutz und der bewusste Umgang mit Energie sind wichtige Themen in der Schule.
In einem offenen Brief fordert das Bündnis jetzt die Bundesregierung auf, tätig zu werden und einen neuen starken nationalen Aktionsplan zum Thema Nachhaltigkeit lernen zu entwickeln und umzusetzen.
Anhand von Zukunftsszenarien werden Aussagen bis zum Jahr 2100 getroffen.
Wissenschaftler, Lehrer, Umweltpädagogen und Hochschuldidaktiker haben gemeinsam Lernmaterialien entwickelt.
Wenn wir wollen, dass die junge Generation eine zukunftsfähige Lebensweise einnimmt, müssen wir ihnen auch die Möglichkeit geben, diese zu verstehen, auszuprobieren und einzuüben.
Deswegen brauchen wir dringend mehr Bildung für nachhaltige Entwicklung in den Kitas, in den Klassenräumen, Universitäten und auch allen beruflichen Bildungseinrichtungen, sagt Kerstin Küster, Bildungsexpertin bei Greenpeace.
Einiges : Unter dem Stichwort Nachhaltigkeit lernen wurden in den letzten Jahren in Deutschland viele Projekte zu Themen wie Umwelt, Entwicklung oder Soziales auf den Weg gebracht; gleichzeitig wuchs das Bewusstsein, dass nur eine entsprechend gebildete Gesellschaft sich nachhaltig entwickeln kann.
Daher möchten wir Grundschulen bei der Umweltbildung unterstützen.
Was fehlt, ist die wirkliche Einbettung in das deutsche Bildungssystem.
Für das deutsche Bildungssystem drängt das Bündnis Zukunftsbildung auf eine schnelle und engagierte Umsetzung des Programms unter Einbeziehung der Zivilgesellschaft.
Denn nur wer sich heute stark macht für die nachhaltige Bildung kann der Zukunft mit Vertrauen entgegensehen, so Küster.
Das Umweltbewusstsein unserer nachfolgenden Generationen bildet den Grundstein für eine nachhaltige und grüne Zukunft.
Dann unterstützt uns weiterhin so tatkräftig wie bisher, denn die Nachfrage nach Umweltbildungsmaßnahmen an Deutschlands Schulen ist bei weitem noch nicht erschöpft.
Was sind Erneuerbare Energien und Energieeffizienz?",0.76408,0.63604,0.37705,10,51,"In deutschen Bildungsinstitutionen allerdings wurde diese Erkenntnis bisher nur unzureichend verankert.
Lehrkräfte können mit dem Material die globalen Zusammenhänge der ökologischen Krise verdeutlichen.
Bildung ist der Schlüssel für eine nachhaltige Entwicklung.
durchgeführt und gezeigt, wie mit einfachen Mitteln ein wichtiger Beitrag zum Umweltschutz geleistet werden kann.
Neue Wege Langfristiger Umweltschutz ist in unseren Augen nur möglich, wenn bereits im Kindesalter ein Umweltbewusstsein entwickelt wird.
Leitfaden Recyclingpapier-Marktchecks Der neue Leitfaden zeigt, wie Schulklassen und Umweltgruppen einfach und wirkungsvoll Recyclingpapier-Marktchecks in den Geschäften ihrer Stadt durchführen können.
Ziel der Aktion : Handel und Hersteller dazu motivieren, ein breiteres Angebot an Recyclingpapier-Produkten zu schaffen.
Für das deutsche Bildungssystem drängt das Bündnis Zukunftsbildung auf eine schnelle und engagierte Umsetzung des Programms unter Einbeziehung der Zivilgesellschaft.
Greenpeace wird diesen Prozess konsequent fordern und dann die Umsetzung begleiten.
Im Mittelpunkt stehen die Förderung von erneuerbaren Energien und die Steigerung der Energieeffizienz.
Gemeinsam mit euch wollen wir Kindern ermöglichen, selbst einen Baum zu pflanzen – und dabei mit jeder Menge Spaß viel über Umwelt- und Klimaschutz zu lernen.
Von Jan Künzl und Jörn Barkemeyer Die Energiewende ist eine Jahrhundertaufgabe.
Die Abkehr von fossilen Brennstoffen wie Öl, Kohle und Gas ist unumgänglich um die globale Erwärmung und den Klimawandel einzudämmen.
Wer auf Recyclingpapier umstellt, trägt zum Erhalt der Wälder bei.
PRONAS vermittelt Ergebnisse der Biodiversitätsforschung an Schülerinnen und Schüler von 12 bis 19 Jahren.
Sie können Werte der Nachhaltigkeit vermitteln, ihre Schüler zum Nachdenken anregen sowie Möglichkeiten für das eigene Handeln erarbeiten.
Denn Klimaschutz ist nicht nur Verhandlungssache- Klimaschutz ist auch Bildungssache!",0.57,0.38693,0.24897,5,47,"In deutschen Bildungsinstitutionen allerdings wurde diese Erkenntnis bisher nur unzureichend verankert.
Greenpeace hat deshalb in diesem Jahr das Bündnis ZukunftsBildung ins Leben gerufen.
Schüler leisten aktiv einen Beitrag zum Klimaschutz und gestalten ihre Umwelt.
durchgeführt und gezeigt, wie mit einfachen Mitteln ein wichtiger Beitrag zum Umweltschutz geleistet werden kann.
Neue Wege Langfristiger Umweltschutz ist in unseren Augen nur möglich, wenn bereits im Kindesalter ein Umweltbewusstsein entwickelt wird.
Leitfaden Recyclingpapier-Marktchecks Der neue Leitfaden zeigt, wie Schulklassen und Umweltgruppen einfach und wirkungsvoll Recyclingpapier-Marktchecks in den Geschäften ihrer Stadt durchführen können.
Über uns Mit unserem Verbraucherportal verfolgen wir den Ansatz, die Umwelt durch Vermeidung von Papier als Werbeträger zu schonen.
Es ist eine Sache auf UN- Konferenzen schöne Ziele zu verabschieden und etwas anderes, sie dann tatsächlich Zuhause umzusetzen.
Wer auf Recyclingpapier umstellt, trägt zum Erhalt der Wälder bei.
Neben Praxistipps gibt es im Leitfaden auch Text-Vorlagen für die begleitende Pressearbeit und alle wichtigen Fakten rund um das Thema Recyclingpapier.
Mit eurer Hilfe wollen wir diesen Kindern die Chance geben, einen Baum an ihrer Schule zu pflanzen."
8,0.71071,0.58065,0.38265,14,44,"Klimaschutz und der bewusste Umgang mit Energie sind wichtige Themen in der Schule.
Greenpeace hat deshalb in diesem Jahr das Bündnis ZukunftsBildung ins Leben gerufen.
Das Umweltbewusstsein unserer nachfolgenden Generationen bildet den Grundstein für eine nachhaltige und grüne Zukunft.
Anhand von Zukunftsszenarien werden Aussagen bis zum Jahr 2100 getroffen.
Wissenschaftler, Lehrer, Umweltpädagogen und Hochschuldidaktiker haben gemeinsam Lernmaterialien entwickelt.
ist die Umweltinitiative unseres Verbraucherportals.
Wenn wir wollen, dass die junge Generation eine zukunftsfähige Lebensweise einnimmt, müssen wir ihnen auch die Möglichkeit geben, diese zu verstehen, auszuprobieren und einzuüben.
Deswegen brauchen wir dringend mehr Bildung für nachhaltige Entwicklung in den Kitas, in den Klassenräumen, Universitäten und auch allen beruflichen Bildungseinrichtungen, sagt Kerstin Küster, Bildungsexpertin bei Greenpeace.
Bereits 2002 hatte die Generalversammlung der Vereinten Nationen entschieden, dass Bildung für eine nachhaltige Entwicklung die Leitperspektive jeglichen Unterrichts werden solle und beschloss eine gleichnamige Dekade (2005-2014) einzuberufen.
Einiges : Unter dem Stichwort Nachhaltigkeit lernen wurden in den letzten Jahren in Deutschland viele Projekte zu Themen wie Umwelt, Entwicklung oder Soziales auf den Weg gebracht; gleichzeitig wuchs das Bewusstsein, dass nur eine entsprechend gebildete Gesellschaft sich nachhaltig entwickeln kann.
Daher möchten wir Grundschulen bei der Umweltbildung unterstützen.
Was fehlt, ist die wirkliche Einbettung in das deutsche Bildungssystem.
Denn nur wer sich heute stark macht für die nachhaltige Bildung kann der Zukunft mit Vertrauen entgegensehen, so Küster.
Dann unterstützt uns weiterhin so tatkräftig wie bisher, denn die Nachfrage nach Umweltbildungsmaßnahmen an Deutschlands Schulen ist bei weitem noch nicht erschöpft.
Was sind Erneuerbare Energien und Energieeffizienz?",0.76761,0.63604,0.39423,8,49,"In deutschen Bildungsinstitutionen allerdings wurde diese Erkenntnis bisher nur unzureichend verankert.
Lehrkräfte können mit dem Material die globalen Zusammenhänge der ökologischen Krise verdeutlichen.
Wir wünschen Ihnen viel Spaß und Erfolg bei der Umsetzung.
Was hat der Klimawandel mit Gerechtigkeit zu tun?
Bildung ist der Schlüssel für eine nachhaltige Entwicklung.
Neue Wege Langfristiger Umweltschutz ist in unseren Augen nur möglich, wenn bereits im Kindesalter ein Umweltbewusstsein entwickelt wird.
Leitfaden Recyclingpapier-Marktchecks Der neue Leitfaden zeigt, wie Schulklassen und Umweltgruppen einfach und wirkungsvoll Recyclingpapier-Marktchecks in den Geschäften ihrer Stadt durchführen können.
Ziel der Aktion : Handel und Hersteller dazu motivieren, ein breiteres Angebot an Recyclingpapier-Produkten zu schaffen.
Zusammen mit den Bündnispartnern BUND, BUNDJugend, Germanwatch, GEW, Globale Bildungskampagne, InnoWego, NAJU, Oxfam und der Welthungerhilfe fordert Greenpeace in dem offenen Brief, dass das Weltaktionsprogramm für nachhaltige Bildung auf der nächsten BNE-Weltkonferenz im November in Japan in vollem Umfang beschlossen wird.
Für das deutsche Bildungssystem drängt das Bündnis Zukunftsbildung auf eine schnelle und engagierte Umsetzung des Programms unter Einbeziehung der Zivilgesellschaft.
Im Mittelpunkt stehen die Förderung von erneuerbaren Energien und die Steigerung der Energieeffizienz.
Von Jan Künzl und Jörn Barkemeyer Die Energiewende ist eine Jahrhundertaufgabe.
Sei Teil unserer Vision und unterstütze das Projekt Ein Baum für jedes Kind!
PRONAS vermittelt Ergebnisse der Biodiversitätsforschung an Schülerinnen und Schüler von 12 bis 19 Jahren.
Sie können Werte der Nachhaltigkeit vermitteln, ihre Schüler zum Nachdenken anregen sowie Möglichkeiten für das eigene Handeln erarbeiten.
Denn Klimaschutz ist nicht nur Verhandlungssache- Klimaschutz ist auch Bildungssache!
Wer auf Recyclingpapier umstellt, trägt zum Erhalt der Wälder bei.",0.595,0.45729,0.26509,0,45,"In deutschen Bildungsinstitutionen allerdings wurde diese Erkenntnis bisher nur unzureichend verankert.
Greenpeace hat deshalb in diesem Jahr das Bündnis ZukunftsBildung ins Leben gerufen.
Schüler leisten aktiv einen Beitrag zum Klimaschutz und gestalten ihre Umwelt.
Im Rahmen der Kampagne ``Schulstart mit dem Blauen Engel'' haben wir neue Materialien für all diejenigen entwickelt, die zum Thema Recyclingpapier mehr erfahren oder aktiv werden möchten.
durchgeführt und gezeigt, wie mit einfachen Mitteln ein wichtiger Beitrag zum Umweltschutz geleistet werden kann.
Neue Wege Langfristiger Umweltschutz ist in unseren Augen nur möglich, wenn bereits im Kindesalter ein Umweltbewusstsein entwickelt wird.
Leitfaden Recyclingpapier-Marktchecks Der neue Leitfaden zeigt, wie Schulklassen und Umweltgruppen einfach und wirkungsvoll Recyclingpapier-Marktchecks in den Geschäften ihrer Stadt durchführen können.
Über uns Mit unserem Verbraucherportal verfolgen wir den Ansatz, die Umwelt durch Vermeidung von Papier als Werbeträger zu schonen.
Wer auf Recyclingpapier umstellt, trägt zum Erhalt der Wälder bei.
Gemeinsam mit euch wollen wir Kindern ermöglichen, selbst einen Baum zu pflanzen – und dabei mit jeder Menge Spaß viel über Umwelt- und Klimaschutz zu lernen."
9,0.74286,0.60573,0.42037,2,46,"Bildung ist der zentrale Hebel für eine nachhaltige Gesellschaftsentwicklung.
Klimaschutz und der bewusste Umgang mit Energie sind wichtige Themen in der Schule.
Greenpeace hat deshalb in diesem Jahr das Bündnis ZukunftsBildung ins Leben gerufen.
Das Umweltbewusstsein unserer nachfolgenden Generationen bildet den Grundstein für eine nachhaltige und grüne Zukunft.
Wissenschaftler, Lehrer, Umweltpädagogen und Hochschuldidaktiker haben gemeinsam Lernmaterialien entwickelt.
ist die Umweltinitiative unseres Verbraucherportals.
Wenn wir wollen, dass die junge Generation eine zukunftsfähige Lebensweise einnimmt, müssen wir ihnen auch die Möglichkeit geben, diese zu verstehen, auszuprobieren und einzuüben.
Deswegen brauchen wir dringend mehr Bildung für nachhaltige Entwicklung in den Kitas, in den Klassenräumen, Universitäten und auch allen beruflichen Bildungseinrichtungen, sagt Kerstin Küster, Bildungsexpertin bei Greenpeace.
Bereits 2002 hatte die Generalversammlung der Vereinten Nationen entschieden, dass Bildung für eine nachhaltige Entwicklung die Leitperspektive jeglichen Unterrichts werden solle und beschloss eine gleichnamige Dekade (2005-2014) einzuberufen.
Einiges : Unter dem Stichwort Nachhaltigkeit lernen wurden in den letzten Jahren in Deutschland viele Projekte zu Themen wie Umwelt, Entwicklung oder Soziales auf den Weg gebracht; gleichzeitig wuchs das Bewusstsein, dass nur eine entsprechend gebildete Gesellschaft sich nachhaltig entwickeln kann.
Daher möchten wir Grundschulen bei der Umweltbildung unterstützen.
Was fehlt, ist die wirkliche Einbettung in das deutsche Bildungssystem.
Denn nur wer sich heute stark macht für die nachhaltige Bildung kann der Zukunft mit Vertrauen entgegensehen, so Küster.
Dann unterstützt uns weiterhin so tatkräftig wie bisher, denn die Nachfrage nach Umweltbildungsmaßnahmen an Deutschlands Schulen ist bei weitem noch nicht erschöpft.
Was sind Erneuerbare Energien und Energieeffizienz?",0.7993,0.70318,0.39838,2,37,"In deutschen Bildungsinstitutionen allerdings wurde diese Erkenntnis bisher nur unzureichend verankert.
Bildung ist der Schlüssel für eine nachhaltige Entwicklung.
PRONAS vermittelt Ergebnisse der Biodiversitätsforschung an Schülerinnen und Schüler von 12 bis 19 Jahren.
Leitfaden Recyclingpapier-Marktchecks Der neue Leitfaden zeigt, wie Schulklassen und Umweltgruppen einfach und wirkungsvoll Recyclingpapier-Marktchecks in den Geschäften ihrer Stadt durchführen können.
Ziel der Aktion : Handel und Hersteller dazu motivieren, ein breiteres Angebot an Recyclingpapier-Produkten zu schaffen.
Zusammen mit den Bündnispartnern BUND, BUNDJugend, Germanwatch, GEW, Globale Bildungskampagne, InnoWego, NAJU, Oxfam und der Welthungerhilfe fordert Greenpeace in dem offenen Brief, dass das Weltaktionsprogramm für nachhaltige Bildung auf der nächsten BNE-Weltkonferenz im November in Japan in vollem Umfang beschlossen wird.
Für das deutsche Bildungssystem drängt das Bündnis Zukunftsbildung auf eine schnelle und engagierte Umsetzung des Programms unter Einbeziehung der Zivilgesellschaft.
Greenpeace wird diesen Prozess konsequent fordern und dann die Umsetzung begleiten.
Im Mittelpunkt stehen die Förderung von erneuerbaren Energien und die Steigerung der Energieeffizienz.
Der Klimawandel soll damit eingedämmt und die Green Economy vorangebracht werden.
Gemeinsam mit euch wollen wir Kindern ermöglichen, selbst einen Baum zu pflanzen – und dabei mit jeder Menge Spaß viel über Umwelt- und Klimaschutz zu lernen.
Von Jan Künzl und Jörn Barkemeyer Die Energiewende ist eine Jahrhundertaufgabe.
Wer auf Recyclingpapier umstellt, trägt zum Erhalt der Wälder bei.
Lehrkräfte können mit dem Material die globalen Zusammenhänge der ökologischen Krise verdeutlichen.
Sie können Werte der Nachhaltigkeit vermitteln, ihre Schüler zum Nachdenken anregen sowie Möglichkeiten für das eigene Handeln erarbeiten.
Denn Klimaschutz ist nicht nur Verhandlungssache- Klimaschutz ist auch Bildungssache!",0.605,0.45226,0.25146,2,6,"In deutschen Bildungsinstitutionen allerdings wurde diese Erkenntnis bisher nur unzureichend verankert.
Schüler leisten aktiv einen Beitrag zum Klimaschutz und gestalten ihre Umwelt.
Im Rahmen der Kampagne ``Schulstart mit dem Blauen Engel'' haben wir neue Materialien für all diejenigen entwickelt, die zum Thema Recyclingpapier mehr erfahren oder aktiv werden möchten.
durchgeführt und gezeigt, wie mit einfachen Mitteln ein wichtiger Beitrag zum Umweltschutz geleistet werden kann.
Neue Wege Langfristiger Umweltschutz ist in unseren Augen nur möglich, wenn bereits im Kindesalter ein Umweltbewusstsein entwickelt wird.
Dies ist ein auf Erfahrung basierender Richtwert.
Über uns Mit unserem Verbraucherportal verfolgen wir den Ansatz, die Umwelt durch Vermeidung von Papier als Werbeträger zu schonen.
Greenpeace wird diesen Prozess konsequent fordern und dann die Umsetzung begleiten.
Wer auf Recyclingpapier umstellt, trägt zum Erhalt der Wälder bei.
Alle Materialien können kostenlos angefordert werden.
Leitfaden Recyclingpapier-Marktchecks Der neue Leitfaden zeigt, wie Schulklassen und Umweltgruppen einfach und wirkungsvoll Recyclingpapier-Marktchecks in den Geschäften ihrer Stadt durchführen können.
Mit eurer Hilfe wollen wir diesen Kindern die Chance geben, einen Baum an ihrer Schule zu pflanzen."
10,0.75357,0.61649,0.43275,0,38,"Bildung ist der zentrale Hebel für eine nachhaltige Gesellschaftsentwicklung.
In deutschen Bildungsinstitutionen allerdings wurde diese Erkenntnis bisher nur unzureichend verankert.
Das Umweltbewusstsein unserer nachfolgenden Generationen bildet den Grundstein für eine nachhaltige und grüne Zukunft.
Wissenschaftler, Lehrer, Umweltpädagogen und Hochschuldidaktiker haben gemeinsam Lernmaterialien entwickelt.
Klimaschutz und der bewusste Umgang mit Energie sind wichtige Themen in der Schule.
Wenn wir wollen, dass die junge Generation eine zukunftsfähige Lebensweise einnimmt, müssen wir ihnen auch die Möglichkeit geben, diese zu verstehen, auszuprobieren und einzuüben.
Deswegen brauchen wir dringend mehr Bildung für nachhaltige Entwicklung in den Kitas, in den Klassenräumen, Universitäten und auch allen beruflichen Bildungseinrichtungen, sagt Kerstin Küster, Bildungsexpertin bei Greenpeace.
Bereits 2002 hatte die Generalversammlung der Vereinten Nationen entschieden, dass Bildung für eine nachhaltige Entwicklung die Leitperspektive jeglichen Unterrichts werden solle und beschloss eine gleichnamige Dekade (2005-2014) einzuberufen.
Einiges : Unter dem Stichwort Nachhaltigkeit lernen wurden in den letzten Jahren in Deutschland viele Projekte zu Themen wie Umwelt, Entwicklung oder Soziales auf den Weg gebracht; gleichzeitig wuchs das Bewusstsein, dass nur eine entsprechend gebildete Gesellschaft sich nachhaltig entwickeln kann.
Daher möchten wir Grundschulen bei der Umweltbildung unterstützen.
Was fehlt, ist die wirkliche Einbettung in das deutsche Bildungssystem.
Denn nur wer sich heute stark macht für die nachhaltige Bildung kann der Zukunft mit Vertrauen entgegensehen, so Küster.
Dann unterstützt uns weiterhin so tatkräftig wie bisher, denn die Nachfrage nach Umweltbildungsmaßnahmen an Deutschlands Schulen ist bei weitem noch nicht erschöpft.
ist die Umweltinitiative unseres Verbraucherportals.
Was sind Erneuerbare Energien und Energieeffizienz?",0.7993,0.70318,0.39838,0,14,"In deutschen Bildungsinstitutionen allerdings wurde diese Erkenntnis bisher nur unzureichend verankert.
Bildung ist der Schlüssel für eine nachhaltige Entwicklung.
PRONAS vermittelt Ergebnisse der Biodiversitätsforschung an Schülerinnen und Schüler von 12 bis 19 Jahren.
Leitfaden Recyclingpapier-Marktchecks Der neue Leitfaden zeigt, wie Schulklassen und Umweltgruppen einfach und wirkungsvoll Recyclingpapier-Marktchecks in den Geschäften ihrer Stadt durchführen können.
Ziel der Aktion : Handel und Hersteller dazu motivieren, ein breiteres Angebot an Recyclingpapier-Produkten zu schaffen.
Zusammen mit den Bündnispartnern BUND, BUNDJugend, Germanwatch, GEW, Globale Bildungskampagne, InnoWego, NAJU, Oxfam und der Welthungerhilfe fordert Greenpeace in dem offenen Brief, dass das Weltaktionsprogramm für nachhaltige Bildung auf der nächsten BNE-Weltkonferenz im November in Japan in vollem Umfang beschlossen wird.
Für das deutsche Bildungssystem drängt das Bündnis Zukunftsbildung auf eine schnelle und engagierte Umsetzung des Programms unter Einbeziehung der Zivilgesellschaft.
Greenpeace wird diesen Prozess konsequent fordern und dann die Umsetzung begleiten.
Im Mittelpunkt stehen die Förderung von erneuerbaren Energien und die Steigerung der Energieeffizienz.
Der Klimawandel soll damit eingedämmt und die Green Economy vorangebracht werden.
Gemeinsam mit euch wollen wir Kindern ermöglichen, selbst einen Baum zu pflanzen – und dabei mit jeder Menge Spaß viel über Umwelt- und Klimaschutz zu lernen.
Von Jan Künzl und Jörn Barkemeyer Die Energiewende ist eine Jahrhundertaufgabe.
Wer auf Recyclingpapier umstellt, trägt zum Erhalt der Wälder bei.
Lehrkräfte können mit dem Material die globalen Zusammenhänge der ökologischen Krise verdeutlichen.
Sie können Werte der Nachhaltigkeit vermitteln, ihre Schüler zum Nachdenken anregen sowie Möglichkeiten für das eigene Handeln erarbeiten.
Denn Klimaschutz ist nicht nur Verhandlungssache- Klimaschutz ist auch Bildungssache!",0.605,0.45729,0.26842,1,44,"Schüler leisten aktiv einen Beitrag zum Klimaschutz und gestalten ihre Umwelt.
Im Rahmen der Kampagne ``Schulstart mit dem Blauen Engel'' haben wir neue Materialien für all diejenigen entwickelt, die zum Thema Recyclingpapier mehr erfahren oder aktiv werden möchten.
durchgeführt und gezeigt, wie mit einfachen Mitteln ein wichtiger Beitrag zum Umweltschutz geleistet werden kann.
Neue Wege Langfristiger Umweltschutz ist in unseren Augen nur möglich, wenn bereits im Kindesalter ein Umweltbewusstsein entwickelt wird.
Leitfaden Recyclingpapier-Marktchecks Der neue Leitfaden zeigt, wie Schulklassen und Umweltgruppen einfach und wirkungsvoll Recyclingpapier-Marktchecks in den Geschäften ihrer Stadt durchführen können.
Über uns Mit unserem Verbraucherportal verfolgen wir den Ansatz, die Umwelt durch Vermeidung von Papier als Werbeträger zu schonen.
Greenpeace wird diesen Prozess konsequent fordern und dann die Umsetzung begleiten.
Sobald eine Schule für die Projektteilnahme ausgewählt wurde, erhalten die betreuenden Lehrer umfangreiche Informationen und direkt einsetzbares Unterrichtsmaterial.
Wer auf Recyclingpapier umstellt, trägt zum Erhalt der Wälder bei.
Alle Materialien können kostenlos angefordert werden.
Mit eurer Hilfe wollen wir diesen Kindern die Chance geben, einen Baum an ihrer Schule zu pflanzen."
